{
  "eye": {
    "orientation": [
      -0.12345489859580994,
      0.8430819511413574,
      -0.4481372535228729,
      -0.2704528570175171
    ],
    "magnitude": 1,
    "position": [
      1304.53662109375,
      666.2409057617188,
      915.4166259765625
    ]
  },
  "radius": 793.2212524414062,
  "type": "PERSPECTIVE"
}